{"cameraMode":{"drawMode":0,"name":"Shaded","section":"Shading Mode"},"sceneLighting":true,"audioPlay":false,"sceneViewState":{"m_AlwaysRefresh":false,"showFog":true,"showSkybox":false,"showFlares":true,"showImageEffects":true,"showParticleSystems":true,"showVisualEffectGraphs":true,"m_FxEnabled":true},"in2DMode":false,"pivot":{"x":34.41828918457031,"y":-1.7723504304885865,"z":-1.5445451736450196},"rotation":{"x":0.23187780380249024,"y":0.0017782008508220316,"z":-0.0002880107786040753,"w":0.9727751016616821},"size":14.47445297241211,"orthographic":false}