{"cameraMode":{"drawMode":0,"name":"Shaded","section":"Shading Mode"},"sceneLighting":true,"audioPlay":false,"sceneViewState":{"m_AlwaysRefresh":false,"showFog":true,"showSkybox":false,"showFlares":true,"showImageEffects":true,"showParticleSystems":true,"showVisualEffectGraphs":true,"m_FxEnabled":true},"in2DMode":false,"pivot":{"x":-18.228363037109376,"y":1.2089345455169678,"z":-23.72014045715332},"rotation":{"x":0.13668009638786317,"y":-0.6999293565750122,"z":0.13942435383796693,"w":0.6870574951171875},"size":16.999122619628908,"orthographic":false}